x,y,is_anomaly,timestamp
0,98.39,True,2026-08-31 23:32:42
1,44.89,False,2026-08-31 23:32:43
2,43.31,False,2026-08-31 23:32:43
3,47.13,False,2026-08-31 23:32:43
4,47.81,False,2026-08-31 23:32:43
5,43.04,False,2026-08-31 23:32:43
6,49.79,False,2026-08-31 23:32:43
7,86.5,True,2026-08-31 23:32:43
8,47.15,False,2026-08-31 23:32:44
9,81.71,True,2026-08-31 23:32:44
10,59.86,False,2026-08-31 23:32:44
11,82.2,True,2026-08-31 23:32:44
12,97.83,True,2026-08-31 23:32:44
13,55.34,False,2026-08-31 23:32:44
14,56.33,False,2026-08-31 23:32:44
15,45.67,False,2026-08-31 23:32:45
16,52.22,False,2026-08-31 23:32:45
17,49.82,False,2026-08-31 23:32:45
18,82.2,True,2026-08-31 23:32:45
19,46.76,False,2026-08-31 23:32:45
20,48.79,False,2026-08-31 23:32:45
21,49.03,False,2026-08-31 23:32:45
22,54.89,False,2026-08-31 23:32:46
23,53.71,False,2026-08-31 23:32:46
24,58.11,False,2026-08-31 23:32:46
25,50.02,False,2026-08-31 23:32:46
26,92.93,True,2026-08-31 23:32:46
27,45.74,False,2026-08-31 23:32:46
28,57.44,False,2026-08-31 23:32:46
29,51.83,False,2026-08-31 23:32:47
30,88.57,True,2026-08-31 23:32:47
31,49.96,False,2026-08-31 23:32:47
32,49.63,False,2026-08-31 23:32:47
33,45.77,False,2026-08-31 23:32:47
34,49.69,False,2026-08-31 23:32:47
35,48.55,False,2026-08-31 23:32:47
36,50.53,False,2026-08-31 23:32:47
37,81.85,True,2026-08-31 23:32:48
38,40.76,True,2026-08-31 23:32:48
39,48.27,False,2026-08-31 23:32:48
40,53.51,False,2026-08-31 23:32:48
41,54.51,False,2026-08-31 23:32:48
42,54.67,False,2026-08-31 23:32:48
43,44.7,False,2026-08-31 23:32:48
44,81.65,True,2026-08-31 23:32:49
45,54.25,False,2026-08-31 23:32:49
46,53.52,False,2026-08-31 23:32:49
47,52.03,False,2026-08-31 23:32:49
48,44.58,False,2026-08-31 23:32:49
49,58.08,False,2026-08-31 23:32:49
50,50.93,False,2026-08-31 23:32:49
51,41.6,False,2026-08-31 23:32:50
52,53.13,False,2026-08-31 23:32:50
53,56.52,False,2026-08-31 23:32:50
54,50.79,False,2026-08-31 23:32:50
55,50.15,False,2026-08-31 23:32:50
56,43.86,False,2026-08-31 23:32:50
57,44.07,False,2026-08-31 23:32:50
58,53.72,False,2026-08-31 23:32:51
59,53.76,False,2026-08-31 23:32:51
60,49.13,False,2026-08-31 23:32:51
61,53.39,False,2026-08-31 23:32:51
62,55.73,False,2026-08-31 23:32:51
63,45.13,False,2026-08-31 23:32:51
64,41.71,False,2026-08-31 23:32:51
65,46.78,False,2026-08-31 23:32:52
66,81.98,True,2026-08-31 23:32:52
67,52.63,False,2026-08-31 23:32:52
68,55.98,False,2026-08-31 23:32:52
69,91.4,True,2026-08-31 23:32:52
70,49.76,False,2026-08-31 23:32:52
71,54.94,False,2026-08-31 23:32:53
72,53.88,False,2026-08-31 23:32:53
73,44.89,False,2026-08-31 23:32:53
74,45.92,False,2026-08-31 23:32:53
75,57.15,False,2026-08-31 23:32:53
76,49.6,False,2026-08-31 23:32:53
77,46.16,False,2026-08-31 23:32:53
78,47.6,False,2026-08-31 23:32:53
79,51.01,False,2026-08-31 23:32:54
80,47.23,False,2026-08-31 23:32:54
81,47.38,False,2026-08-31 23:32:54
82,41.84,False,2026-08-31 23:32:54
83,52.66,False,2026-08-31 23:32:54
84,85.59,True,2026-08-31 23:32:54
85,95.22,True,2026-08-31 23:32:54
86,52.85,False,2026-08-31 23:32:55
87,51.17,False,2026-08-31 23:32:55
88,55.22,False,2026-08-31 23:32:55
89,51.05,False,2026-08-31 23:32:55
90,46.92,False,2026-08-31 23:32:55
91,53.44,False,2026-08-31 23:32:55
92,49.72,False,2026-08-31 23:32:55
93,49.34,False,2026-08-31 23:32:56
94,47.37,False,2026-08-31 23:32:56
95,42.61,False,2026-08-31 23:32:56
96,51.36,False,2026-08-31 23:32:56
97,44.13,False,2026-08-31 23:32:56
98,46.49,False,2026-08-31 23:32:56
99,57.07,False,2026-08-31 23:32:56
100,57.2,False,2026-08-31 23:32:57
101,94.8,True,2026-08-31 23:32:57
102,44.56,False,2026-08-31 23:32:57
103,53.07,False,2026-08-31 23:32:57
104,44.52,False,2026-08-31 23:32:57
105,59.53,False,2026-08-31 23:32:57
106,48.72,False,2026-08-31 23:32:57
107,99.94,True,2026-08-31 23:32:58
108,40.8,True,2026-08-31 23:32:58
109,56.73,False,2026-08-31 23:32:58
110,43.06,False,2026-08-31 23:32:58
111,86.24,True,2026-08-31 23:32:58
112,45.88,False,2026-08-31 23:32:58
113,52.63,False,2026-08-31 23:32:58
114,45.91,False,2026-08-31 23:32:59
115,47.51,False,2026-08-31 23:32:59
116,92.41,True,2026-08-31 23:32:59
117,83.25,True,2026-08-31 23:32:59
118,50.36,False,2026-08-31 23:32:59
119,54.68,False,2026-08-31 23:32:59
120,81.18,True,2026-08-31 23:32:59
121,56.86,False,2026-08-31 23:33:00
122,38.3,True,2026-08-31 23:33:00
123,43.28,False,2026-08-31 23:33:00
124,51.52,False,2026-08-31 23:33:00
125,91.7,True,2026-08-31 23:33:00
126,55.14,False,2026-08-31 23:33:00
127,40.89,True,2026-08-31 23:33:00
128,52.19,False,2026-08-31 23:33:00
129,51.37,False,2026-08-31 23:33:01
130,50.53,False,2026-08-31 23:33:01
131,57.11,False,2026-08-31 23:33:01
132,55.87,False,2026-08-31 23:33:01
133,48.84,False,2026-08-31 23:33:01
134,47.27,False,2026-08-31 23:33:01
135,53.82,False,2026-08-31 23:33:01
136,44.16,False,2026-08-31 23:33:02
137,56.63,False,2026-08-31 23:33:02
138,49.25,False,2026-08-31 23:33:02
139,41.21,False,2026-08-31 23:33:02
140,53.01,False,2026-08-31 23:33:02
141,51.18,False,2026-08-31 23:33:02
142,50.61,False,2026-08-31 23:33:02
143,50.88,False,2026-08-31 23:33:03
144,44.92,False,2026-08-31 23:33:03
145,48.09,False,2026-08-31 23:33:03
146,54.87,False,2026-08-31 23:33:03
147,52.85,False,2026-08-31 23:33:03
148,59.62,False,2026-08-31 23:33:03
149,52.79,False,2026-08-31 23:33:03
150,54.1,False,2026-08-31 23:33:04
151,45.78,False,2026-08-31 23:33:04
152,43.04,False,2026-08-31 23:33:04
153,56.74,False,2026-08-31 23:33:04
154,48.3,False,2026-08-31 23:33:04
155,40.04,True,2026-08-31 23:33:04
156,47.17,False,2026-08-31 23:33:04
157,55.45,False,2026-08-31 23:33:05
158,53.99,False,2026-08-31 23:33:05
159,48.47,False,2026-08-31 23:33:05
160,42.53,False,2026-08-31 23:33:05
161,86.73,True,2026-08-31 23:33:05
162,57.02,False,2026-08-31 23:33:05
163,50.49,False,2026-08-31 23:33:05
164,39.12,True,2026-08-31 23:33:06
165,44.98,False,2026-08-31 23:33:06
166,45.45,False,2026-08-31 23:33:06
167,44.79,False,2026-08-31 23:33:06
168,51.98,False,2026-08-31 23:33:06
169,52.58,False,2026-08-31 23:33:06
170,45.59,False,2026-08-31 23:33:06
171,54.33,False,2026-08-31 23:33:07
172,50.25,False,2026-08-31 23:33:07
173,92.6,True,2026-08-31 23:33:07
174,52.63,False,2026-08-31 23:33:07
175,51.84,False,2026-08-31 23:33:07
176,57.05,False,2026-08-31 23:33:07
177,56.59,False,2026-08-31 23:33:07
178,37.77,True,2026-08-31 23:33:08
179,50.99,False,2026-08-31 23:33:08
180,56.64,False,2026-08-31 23:33:08
181,80.33,True,2026-08-31 23:33:08
182,45.99,False,2026-08-31 23:33:08
183,43.55,False,2026-08-31 23:33:08
184,52.8,False,2026-08-31 23:33:08
185,45.97,False,2026-08-31 23:33:09
186,48.09,False,2026-08-31 23:33:09
187,55.13,False,2026-08-31 23:33:09
188,58.74,False,2026-08-31 23:33:09
189,39.09,True,2026-08-31 23:33:09
190,42.8,False,2026-08-31 23:33:09
191,45.89,False,2026-08-31 23:33:09
192,48.5,False,2026-08-31 23:33:10
193,54.81,False,2026-08-31 23:33:10
194,56.6,False,2026-08-31 23:33:10
195,51.95,False,2026-08-31 23:33:10
196,59.17,False,2026-08-31 23:33:10
197,45.62,False,2026-08-31 23:33:10
198,47.29,False,2026-08-31 23:33:10
199,51.61,False,2026-08-31 23:33:11
0,51.07,False,2026-08-31 23:43:07
1,49.9,False,2026-08-31 23:43:08
2,57.46,False,2026-08-31 23:43:08
3,80.11,True,2026-08-31 23:43:08
4,37.79,True,2026-08-31 23:43:08
5,46.99,False,2026-08-31 23:43:08
6,52.38,False,2026-08-31 23:43:08
7,47.57,False,2026-08-31 23:43:08
8,50.68,False,2026-08-31 23:43:09
9,52.52,False,2026-08-31 23:43:09
10,44.93,False,2026-08-31 23:43:09
11,48.75,False,2026-08-31 23:43:09
12,56.32,False,2026-08-31 23:43:09
13,89.07,True,2026-08-31 23:43:09
14,46.61,False,2026-08-31 23:43:09
15,82.13,True,2026-08-31 23:43:10
16,55.05,False,2026-08-31 23:43:10
17,46.77,False,2026-08-31 23:43:10
18,45.64,False,2026-08-31 23:43:10
19,58.63,False,2026-08-31 23:43:10
20,93.16,True,2026-08-31 23:43:10
21,49.31,False,2026-08-31 23:43:10
22,53.97,False,2026-08-31 23:43:10
23,49.3,False,2026-08-31 23:43:11
24,46.82,False,2026-08-31 23:43:11
25,84.16,True,2026-08-31 23:43:11
26,94.8,True,2026-08-31 23:43:11
27,63.02,True,2026-08-31 23:43:11
28,43.72,False,2026-08-31 23:43:11
29,52.28,False,2026-08-31 23:43:11
30,54.17,False,2026-08-31 23:43:12
31,82.24,True,2026-08-31 23:43:12
32,52.56,False,2026-08-31 23:43:12
33,49.98,False,2026-08-31 23:43:12
34,42.23,False,2026-08-31 23:43:12
35,51.95,False,2026-08-31 23:43:12
36,41.37,False,2026-08-31 23:43:12
37,50.2,False,2026-08-31 23:43:13
38,43.52,False,2026-08-31 23:43:13
39,47.93,False,2026-08-31 23:43:13
40,83.66,True,2026-08-31 23:43:13
41,80.17,True,2026-08-31 23:43:13
42,46.38,False,2026-08-31 23:43:13
43,55.45,False,2026-08-31 23:43:13
44,47.02,False,2026-08-31 23:43:14
45,46.62,False,2026-08-31 23:43:14
46,46.56,False,2026-08-31 23:43:14
47,99.5,True,2026-08-31 23:43:14
48,82.7,True,2026-08-31 23:43:14
49,54.35,False,2026-08-31 23:43:14
50,42.98,False,2026-08-31 23:43:14
51,54.17,False,2026-08-31 23:43:15
52,52.22,False,2026-08-31 23:43:15
53,45.53,False,2026-08-31 23:43:15
54,57.32,False,2026-08-31 23:43:15
55,46.71,False,2026-08-31 23:43:15
56,53.79,False,2026-08-31 23:43:15
57,44.56,False,2026-08-31 23:43:15
58,60.28,True,2026-08-31 23:43:16
59,41.64,False,2026-08-31 23:43:16
60,45.91,False,2026-08-31 23:43:16
61,50.57,False,2026-08-31 23:43:16
62,49.86,False,2026-08-31 23:43:16
63,56.87,False,2026-08-31 23:43:16
64,89.11,True,2026-08-31 23:43:16
65,47.65,False,2026-08-31 23:43:17
66,89.82,True,2026-08-31 23:43:17
67,55.55,False,2026-08-31 23:43:17
68,48.65,False,2026-08-31 23:43:17
69,54.82,False,2026-08-31 23:43:17
70,93.07,True,2026-08-31 23:43:17
71,51.52,False,2026-08-31 23:43:17
72,40.23,True,2026-08-31 23:43:18
73,49.41,False,2026-08-31 23:43:18
74,94.21,True,2026-08-31 23:43:18
75,64.61,True,2026-08-31 23:43:18
76,57.86,False,2026-08-31 23:43:18
77,51.47,False,2026-08-31 23:43:18
78,49.13,False,2026-08-31 23:43:18
79,51.63,False,2026-08-31 23:43:18
80,51.14,False,2026-08-31 23:43:19
81,43.91,False,2026-08-31 23:43:19
82,46.78,False,2026-08-31 23:43:19
83,96.6,True,2026-08-31 23:43:19
84,97.28,True,2026-08-31 23:43:19
85,50.64,False,2026-08-31 23:43:19
86,53.2,False,2026-08-31 23:43:19
87,41.06,False,2026-08-31 23:43:20
88,46.39,False,2026-08-31 23:43:20
89,44.79,False,2026-08-31 23:43:20
90,49.18,False,2026-08-31 23:43:20
91,42.0,False,2026-08-31 23:43:20
92,64.1,True,2026-08-31 23:43:20
93,54.08,False,2026-08-31 23:43:20
94,50.44,False,2026-08-31 23:43:21
95,41.47,False,2026-08-31 23:43:21
96,46.6,False,2026-08-31 23:43:21
97,41.69,False,2026-08-31 23:43:21
98,34.44,True,2026-08-31 23:43:21
99,57.76,False,2026-08-31 23:43:21
100,85.84,True,2026-08-31 23:43:21
101,82.0,True,2026-08-31 23:43:22
102,54.6,False,2026-08-31 23:43:22
103,46.98,False,2026-08-31 23:43:22
104,48.5,False,2026-08-31 23:43:22
105,48.72,False,2026-08-31 23:43:22
106,49.78,False,2026-08-31 23:43:22
107,44.18,False,2026-08-31 23:43:22
108,43.79,False,2026-08-31 23:43:23
109,50.43,False,2026-08-31 23:43:23
110,51.43,False,2026-08-31 23:43:23
111,44.04,False,2026-08-31 23:43:23
112,52.71,False,2026-08-31 23:43:23
113,50.19,False,2026-08-31 23:43:23
114,52.01,False,2026-08-31 23:43:23
115,43.41,False,2026-08-31 23:43:24
116,59.42,False,2026-08-31 23:43:24
117,46.66,False,2026-08-31 23:43:24
118,60.26,True,2026-08-31 23:43:24
119,51.07,False,2026-08-31 23:43:24
120,50.39,False,2026-08-31 23:43:24
121,52.82,False,2026-08-31 23:43:24
122,43.29,False,2026-08-31 23:43:25
123,49.13,False,2026-08-31 23:43:25
124,55.36,False,2026-08-31 23:43:25
125,54.64,False,2026-08-31 23:43:25
126,56.33,False,2026-08-31 23:43:25
127,50.37,False,2026-08-31 23:43:25
128,49.36,False,2026-08-31 23:43:25
129,45.01,False,2026-08-31 23:43:26
130,42.11,False,2026-08-31 23:43:26
131,56.7,False,2026-08-31 23:43:26
132,51.37,False,2026-08-31 23:43:26
133,88.77,True,2026-08-31 23:43:26
134,40.78,True,2026-08-31 23:43:26
135,96.45,True,2026-08-31 23:43:26
136,51.83,False,2026-08-31 23:43:27
137,45.31,False,2026-08-31 23:43:27
138,59.92,True,2026-08-31 23:43:27
139,58.18,False,2026-08-31 23:43:27
140,56.81,False,2026-08-31 23:43:27
141,58.62,False,2026-08-31 23:43:27
142,47.74,False,2026-08-31 23:43:27
143,49.46,False,2026-08-31 23:43:28
144,49.01,False,2026-08-31 23:43:28
145,86.96,True,2026-08-31 23:43:28
146,49.11,False,2026-08-31 23:43:28
147,48.83,False,2026-08-31 23:43:28
148,46.55,False,2026-08-31 23:43:28
149,53.17,False,2026-08-31 23:43:28
150,50.97,False,2026-08-31 23:43:29
151,46.74,False,2026-08-31 23:43:29
152,96.47,True,2026-08-31 23:43:29
153,48.12,False,2026-08-31 23:43:29
154,45.78,False,2026-08-31 23:43:29
155,85.86,True,2026-08-31 23:43:29
156,53.99,False,2026-08-31 23:43:29
157,46.08,False,2026-08-31 23:43:30
158,58.06,False,2026-08-31 23:43:30
159,56.39,False,2026-08-31 23:43:30
160,54.93,False,2026-08-31 23:43:30
161,33.87,True,2026-08-31 23:43:30
162,83.48,True,2026-08-31 23:43:30
163,50.56,False,2026-08-31 23:43:30
164,42.46,False,2026-08-31 23:43:31
165,53.15,False,2026-08-31 23:43:31
166,47.44,False,2026-08-31 23:43:31
167,50.01,False,2026-08-31 23:43:31
168,47.66,False,2026-08-31 23:43:31
169,95.37,True,2026-08-31 23:43:31
170,96.44,True,2026-08-31 23:43:31
171,52.98,False,2026-08-31 23:43:32
172,51.59,False,2026-08-31 23:43:32
173,46.02,False,2026-08-31 23:43:32
174,39.21,True,2026-08-31 23:43:32
175,46.29,False,2026-08-31 23:43:32
176,52.08,False,2026-08-31 23:43:32
177,52.06,False,2026-08-31 23:43:32
178,41.69,False,2026-08-31 23:43:33
179,85.6,True,2026-08-31 23:43:33
180,45.43,False,2026-08-31 23:43:33
181,49.89,False,2026-08-31 23:43:33
182,58.2,False,2026-08-31 23:43:33
183,44.45,False,2026-08-31 23:43:33
184,49.34,False,2026-08-31 23:43:33
185,53.81,False,2026-08-31 23:43:34
186,86.46,True,2026-08-31 23:43:34
187,51.43,False,2026-08-31 23:43:34
188,53.68,False,2026-08-31 23:43:34
189,44.69,False,2026-08-31 23:43:34
190,86.38,True,2026-08-31 23:43:34
191,81.44,True,2026-08-31 23:43:34
192,47.82,False,2026-08-31 23:43:35
193,44.6,False,2026-08-31 23:43:35
194,47.63,False,2026-08-31 23:43:35
195,56.21,False,2026-08-31 23:43:35
196,43.05,False,2026-08-31 23:43:35
197,48.41,False,2026-08-31 23:43:35
198,96.45,True,2026-08-31 23:43:35
199,56.29,False,2026-08-31 23:43:36
0,45.33,False,2026-09-01 00:04:37
1,40.3,True,2026-09-01 00:04:37
2,44.0,False,2026-09-01 00:04:37
3,49.69,False,2026-09-01 00:04:37
4,48.19,False,2026-09-01 00:04:38
5,52.7,False,2026-09-01 00:04:38
6,58.14,False,2026-09-01 00:04:38
7,88.24,True,2026-09-01 00:04:38
8,42.82,False,2026-09-01 00:04:38
9,50.57,False,2026-09-01 00:04:38
10,48.69,False,2026-09-01 00:04:39
11,48.88,False,2026-09-01 00:04:39
12,41.38,False,2026-09-01 00:04:39
13,44.29,False,2026-09-01 00:04:39
14,47.0,False,2026-09-01 00:04:39
15,53.2,False,2026-09-01 00:04:39
16,53.42,False,2026-09-01 00:04:39
17,50.3,False,2026-09-01 00:04:40
18,51.05,False,2026-09-01 00:04:40
19,56.9,False,2026-09-01 00:04:40
20,43.37,False,2026-09-01 00:04:40
21,51.28,False,2026-09-01 00:04:40
22,45.4,False,2026-09-01 00:04:40
23,48.34,False,2026-09-01 00:04:40
24,46.87,False,2026-09-01 00:04:41
25,46.42,False,2026-09-01 00:04:41
26,50.73,False,2026-09-01 00:04:41
27,44.98,False,2026-09-01 00:04:41
28,40.82,True,2026-09-01 00:04:41
29,56.17,False,2026-09-01 00:04:41
30,45.18,False,2026-09-01 00:04:41
31,40.28,True,2026-09-01 00:04:42
32,88.03,True,2026-09-01 00:04:42
33,48.42,False,2026-09-01 00:04:42
34,58.8,False,2026-09-01 00:04:42
35,40.52,True,2026-09-01 00:04:42
36,53.64,False,2026-09-01 00:04:42
37,56.4,False,2026-09-01 00:04:43
38,92.08,True,2026-09-01 00:04:43
39,39.24,True,2026-09-01 00:04:43
40,47.92,False,2026-09-01 00:04:43
41,63.0,True,2026-09-01 00:04:43
42,50.79,False,2026-09-01 00:04:43
43,56.24,False,2026-09-01 00:04:43
44,46.91,False,2026-09-01 00:04:44
45,42.7,False,2026-09-01 00:04:44
46,49.16,False,2026-09-01 00:04:44
47,93.78,True,2026-09-01 00:04:44
48,50.54,False,2026-09-01 00:04:44
49,46.92,False,2026-09-01 00:04:44
50,49.82,False,2026-09-01 00:04:44
51,89.25,True,2026-09-01 00:04:45
52,55.03,False,2026-09-01 00:04:45
53,50.1,False,2026-09-01 00:04:45
54,55.87,False,2026-09-01 00:04:45
55,48.77,False,2026-09-01 00:04:45
56,53.48,False,2026-09-01 00:04:45
57,46.24,False,2026-09-01 00:04:45
58,56.56,False,2026-09-01 00:04:46
59,45.65,False,2026-09-01 00:04:46
60,51.16,False,2026-09-01 00:04:46
61,47.37,False,2026-09-01 00:04:46
62,55.6,False,2026-09-01 00:04:46
63,53.63,False,2026-09-01 00:04:46
64,48.97,False,2026-09-01 00:04:46
65,89.23,True,2026-09-01 00:04:47
66,47.28,False,2026-09-01 00:04:47
67,50.53,False,2026-09-01 00:04:47
68,52.04,False,2026-09-01 00:04:47
69,41.76,False,2026-09-01 00:04:47
70,52.37,False,2026-09-01 00:04:47
71,48.54,False,2026-09-01 00:04:48
72,55.33,False,2026-09-01 00:04:48
73,55.63,False,2026-09-01 00:04:48
74,45.17,False,2026-09-01 00:04:48
75,49.7,False,2026-09-01 00:04:48
76,53.13,False,2026-09-01 00:04:48
77,80.31,True,2026-09-01 00:04:48
78,49.09,False,2026-09-01 00:04:49
79,48.57,False,2026-09-01 00:04:49
80,43.91,False,2026-09-01 00:04:49
81,55.36,False,2026-09-01 00:04:49
82,50.37,False,2026-09-01 00:04:49
83,48.82,False,2026-09-01 00:04:49
84,49.79,False,2026-09-01 00:04:49
85,49.57,False,2026-09-01 00:04:50
86,54.16,False,2026-09-01 00:04:50
87,45.65,False,2026-09-01 00:04:50
88,52.92,False,2026-09-01 00:04:50
89,46.01,False,2026-09-01 00:04:50
90,54.5,False,2026-09-01 00:04:50
91,46.27,False,2026-09-01 00:04:50
92,60.58,True,2026-09-01 00:04:51
93,43.11,False,2026-09-01 00:04:51
94,51.65,False,2026-09-01 00:04:51
95,51.89,False,2026-09-01 00:04:51
96,56.16,False,2026-09-01 00:04:51
97,43.98,False,2026-09-01 00:04:51
98,56.63,False,2026-09-01 00:04:51
99,47.32,False,2026-09-01 00:04:52
100,47.6,False,2026-09-01 00:04:52
101,55.44,False,2026-09-01 00:04:52
102,54.96,False,2026-09-01 00:04:52
103,53.25,False,2026-09-01 00:04:52
104,52.31,False,2026-09-01 00:04:52
105,56.63,False,2026-09-01 00:04:52
106,50.83,False,2026-09-01 00:04:53
107,49.11,False,2026-09-01 00:04:53
108,51.6,False,2026-09-01 00:04:53
109,53.92,False,2026-09-01 00:04:53
110,99.99,True,2026-09-01 00:04:53
111,52.67,False,2026-09-01 00:04:53
112,82.9,True,2026-09-01 00:04:53
113,53.78,False,2026-09-01 00:04:54
114,48.38,False,2026-09-01 00:04:54
115,55.57,False,2026-09-01 00:04:54
116,47.93,False,2026-09-01 00:04:54
117,96.39,True,2026-09-01 00:04:54
118,44.99,False,2026-09-01 00:04:54
119,49.11,False,2026-09-01 00:04:55
120,49.66,False,2026-09-01 00:04:55
121,91.89,True,2026-09-01 00:04:55
122,55.07,False,2026-09-01 00:04:55
123,84.63,True,2026-09-01 00:04:55
124,50.29,False,2026-09-01 00:04:55
125,42.52,False,2026-09-01 00:04:55
126,45.2,False,2026-09-01 00:04:56
127,51.05,False,2026-09-01 00:04:56
128,42.3,False,2026-09-01 00:04:56
129,57.88,False,2026-09-01 00:04:56
130,51.65,False,2026-09-01 00:04:56
131,55.01,False,2026-09-01 00:04:56
132,55.62,False,2026-09-01 00:04:56
133,43.57,False,2026-09-01 00:04:57
134,46.29,False,2026-09-01 00:04:57
135,52.95,False,2026-09-01 00:04:57
136,40.59,True,2026-09-01 00:04:57
137,51.27,False,2026-09-01 00:04:57
138,55.18,False,2026-09-01 00:04:57
139,41.51,False,2026-09-01 00:04:57
140,49.31,False,2026-09-01 00:04:58
141,48.99,False,2026-09-01 00:04:58
142,51.4,False,2026-09-01 00:04:58
143,86.13,True,2026-09-01 00:04:58
144,56.39,False,2026-09-01 00:04:58
145,53.71,False,2026-09-01 00:04:58
146,54.41,False,2026-09-01 00:04:58
147,50.44,False,2026-09-01 00:04:59
148,55.47,False,2026-09-01 00:04:59
149,47.16,False,2026-09-01 00:04:59
150,41.06,False,2026-09-01 00:04:59
151,60.21,True,2026-09-01 00:04:59
152,54.63,False,2026-09-01 00:04:59
153,82.57,True,2026-09-01 00:04:59
154,54.45,False,2026-09-01 00:05:00
155,45.33,False,2026-09-01 00:05:00
156,52.42,False,2026-09-01 00:05:00
157,47.33,False,2026-09-01 00:05:00
158,45.78,False,2026-09-01 00:05:00
159,55.6,False,2026-09-01 00:05:00
160,88.86,True,2026-09-01 00:05:01
161,87.37,True,2026-09-01 00:05:01
162,43.99,False,2026-09-01 00:05:01
163,49.16,False,2026-09-01 00:05:01
164,57.16,False,2026-09-01 00:05:01
165,48.12,False,2026-09-01 00:05:01
166,61.21,True,2026-09-01 00:05:01
167,45.56,False,2026-09-01 00:05:02
168,54.6,False,2026-09-01 00:05:02
169,58.92,False,2026-09-01 00:05:02
170,58.68,False,2026-09-01 00:05:02
171,49.9,False,2026-09-01 00:05:02
172,48.02,False,2026-09-01 00:05:02
173,42.45,False,2026-09-01 00:05:02
174,47.46,False,2026-09-01 00:05:03
175,48.93,False,2026-09-01 00:05:03
176,97.07,True,2026-09-01 00:05:03
177,54.8,False,2026-09-01 00:05:03
178,47.78,False,2026-09-01 00:05:03
179,48.54,False,2026-09-01 00:05:03
180,53.61,False,2026-09-01 00:05:03
181,47.35,False,2026-09-01 00:05:04
182,56.54,False,2026-09-01 00:05:04
183,46.86,False,2026-09-01 00:05:04
184,86.19,True,2026-09-01 00:05:04
185,42.36,False,2026-09-01 00:05:04
186,95.8,True,2026-09-01 00:05:04
187,47.1,False,2026-09-01 00:05:04
188,49.36,False,2026-09-01 00:05:05
189,43.44,False,2026-09-01 00:05:05
190,57.8,False,2026-09-01 00:05:05
191,54.42,False,2026-09-01 00:05:05
192,47.1,False,2026-09-01 00:05:05
193,56.83,False,2026-09-01 00:05:05
194,52.48,False,2026-09-01 00:05:06
195,45.33,False,2026-09-01 00:05:06
196,53.63,False,2026-09-01 00:05:06
197,54.67,False,2026-09-01 00:05:06
198,91.78,True,2026-09-01 00:05:06
199,47.56,False,2026-09-01 00:05:06
0,44.22,False,2026-09-01 00:10:23
1,42.51,False,2026-09-01 00:10:24
2,61.03,True,2026-09-01 00:10:24
3,49.77,False,2026-09-01 00:10:24
4,48.08,False,2026-09-01 00:10:24
5,40.7,True,2026-09-01 00:10:24
6,49.44,False,2026-09-01 00:10:24
7,52.65,False,2026-09-01 00:10:24
8,53.86,False,2026-09-01 00:10:25
9,49.94,False,2026-09-01 00:10:25
10,52.42,False,2026-09-01 00:10:25
11,45.97,False,2026-09-01 00:10:25
12,50.12,False,2026-09-01 00:10:25
13,56.71,False,2026-09-01 00:10:25
14,49.77,False,2026-09-01 00:10:25
15,40.24,True,2026-09-01 00:10:26
16,50.07,False,2026-09-01 00:10:26
17,56.08,False,2026-09-01 00:10:26
18,47.41,False,2026-09-01 00:10:26
19,80.11,True,2026-09-01 00:10:26
20,53.86,False,2026-09-01 00:10:26
21,49.22,False,2026-09-01 00:10:27
22,53.31,False,2026-09-01 00:10:27
23,47.72,False,2026-09-01 00:10:27
24,49.75,False,2026-09-01 00:10:27
25,82.8,True,2026-09-01 00:10:27
26,50.19,False,2026-09-01 00:10:27
27,43.63,False,2026-09-01 00:10:27
28,54.05,False,2026-09-01 00:10:28
29,55.26,False,2026-09-01 00:10:28
30,45.63,False,2026-09-01 00:10:28
31,41.07,False,2026-09-01 00:10:28
32,51.5,False,2026-09-01 00:10:28
33,53.45,False,2026-09-01 00:10:28
34,47.32,False,2026-09-01 00:10:28
35,55.44,False,2026-09-01 00:10:29
36,48.1,False,2026-09-01 00:10:29
37,53.76,False,2026-09-01 00:10:29
38,53.01,False,2026-09-01 00:10:29
39,49.04,False,2026-09-01 00:10:29
40,51.85,False,2026-09-01 00:10:29
41,51.52,False,2026-09-01 00:10:29
42,97.47,True,2026-09-01 00:10:30
43,54.7,False,2026-09-01 00:10:30
44,97.59,True,2026-09-01 00:10:30
45,43.85,False,2026-09-01 00:10:30
46,88.57,True,2026-09-01 00:10:30
47,54.82,False,2026-09-01 00:10:30
48,51.44,False,2026-09-01 00:10:30
49,52.8,False,2026-09-01 00:10:31
50,55.1,False,2026-09-01 00:10:31
51,58.33,False,2026-09-01 00:10:31
52,61.27,True,2026-09-01 00:10:31
53,39.62,True,2026-09-01 00:10:31
54,42.24,False,2026-09-01 00:10:31
55,53.6,False,2026-09-01 00:10:32
56,48.22,False,2026-09-01 00:10:32
57,48.32,False,2026-09-01 00:10:32
58,45.11,False,2026-09-01 00:10:32
59,88.59,True,2026-09-01 00:10:32
60,52.97,False,2026-09-01 00:10:32
61,43.3,False,2026-09-01 00:10:32
62,51.7,False,2026-09-01 00:10:33
63,52.61,False,2026-09-01 00:10:33
64,46.8,False,2026-09-01 00:10:33
65,49.64,False,2026-09-01 00:10:33
66,50.13,False,2026-09-01 00:10:33
67,51.67,False,2026-09-01 00:10:33
68,40.02,True,2026-09-01 00:10:33
69,45.26,False,2026-09-01 00:10:34
70,57.27,False,2026-09-01 00:10:34
71,46.12,False,2026-09-01 00:10:34
72,50.24,False,2026-09-01 00:10:34
73,42.63,False,2026-09-01 00:10:34
74,50.38,False,2026-09-01 00:10:34
75,51.59,False,2026-09-01 00:10:34
76,49.21,False,2026-09-01 00:10:35
77,46.95,False,2026-09-01 00:10:35
78,56.55,False,2026-09-01 00:10:35
79,47.87,False,2026-09-01 00:10:35
80,58.11,False,2026-09-01 00:10:35
81,45.19,False,2026-09-01 00:10:35
82,48.14,False,2026-09-01 00:10:35
83,49.85,False,2026-09-01 00:10:36
84,57.29,False,2026-09-01 00:10:36
85,46.6,False,2026-09-01 00:10:36
86,53.79,False,2026-09-01 00:10:36
87,50.77,False,2026-09-01 00:10:36
88,54.53,False,2026-09-01 00:10:36
89,43.28,False,2026-09-01 00:10:36
90,49.19,False,2026-09-01 00:10:37
91,48.53,False,2026-09-01 00:10:37
92,45.08,False,2026-09-01 00:10:37
93,51.4,False,2026-09-01 00:10:37
94,52.87,False,2026-09-01 00:10:37
95,42.64,False,2026-09-01 00:10:37
96,43.3,False,2026-09-01 00:10:37
97,51.93,False,2026-09-01 00:10:38
98,50.11,False,2026-09-01 00:10:38
99,52.98,False,2026-09-01 00:10:38
100,57.77,False,2026-09-01 00:10:38
101,49.09,False,2026-09-01 00:10:38
102,51.59,False,2026-09-01 00:10:38
103,42.83,False,2026-09-01 00:10:39
104,55.36,False,2026-09-01 00:10:39
105,48.0,False,2026-09-01 00:10:39
106,92.49,True,2026-09-01 00:10:39
107,37.17,True,2026-09-01 00:10:39
108,48.61,False,2026-09-01 00:10:39
109,48.49,False,2026-09-01 00:10:39
110,44.0,False,2026-09-01 00:10:40
111,54.28,False,2026-09-01 00:10:40
112,80.44,True,2026-09-01 00:10:40
113,43.82,False,2026-09-01 00:10:40
114,48.25,False,2026-09-01 00:10:40
115,47.46,False,2026-09-01 00:10:40
116,52.02,False,2026-09-01 00:10:40
117,41.16,False,2026-09-01 00:10:41
118,46.42,False,2026-09-01 00:10:41
119,55.47,False,2026-09-01 00:10:41
120,52.88,False,2026-09-01 00:10:41
121,52.74,False,2026-09-01 00:10:41
122,45.8,False,2026-09-01 00:10:41
123,99.14,True,2026-09-01 00:10:41
124,96.18,True,2026-09-01 00:10:42
125,43.43,False,2026-09-01 00:10:42
126,49.45,False,2026-09-01 00:10:42
127,51.6,False,2026-09-01 00:10:42
128,48.76,False,2026-09-01 00:10:42
129,50.74,False,2026-09-01 00:10:42
130,50.42,False,2026-09-01 00:10:43
131,51.48,False,2026-09-01 00:10:43
132,46.01,False,2026-09-01 00:10:43
133,51.56,False,2026-09-01 00:10:43
134,54.48,False,2026-09-01 00:10:43
135,49.98,False,2026-09-01 00:10:43
136,51.62,False,2026-09-01 00:10:43
137,47.4,False,2026-09-01 00:10:44
138,42.57,False,2026-09-01 00:10:44
139,57.24,False,2026-09-01 00:10:44
140,49.37,False,2026-09-01 00:10:44
141,54.26,False,2026-09-01 00:10:44
142,56.93,False,2026-09-01 00:10:44
143,43.91,False,2026-09-01 00:10:44
144,53.87,False,2026-09-01 00:10:45
145,49.35,False,2026-09-01 00:10:45
146,51.43,False,2026-09-01 00:10:45
147,41.57,False,2026-09-01 00:10:45
148,54.8,False,2026-09-01 00:10:45
149,97.71,True,2026-09-01 00:10:45
150,46.26,False,2026-09-01 00:10:45
151,55.64,False,2026-09-01 00:10:46
152,45.28,False,2026-09-01 00:10:46
153,53.27,False,2026-09-01 00:10:46
154,51.66,False,2026-09-01 00:10:46
155,49.69,False,2026-09-01 00:10:46
156,49.67,False,2026-09-01 00:10:46
157,51.58,False,2026-09-01 00:10:46
158,54.76,False,2026-09-01 00:10:47
159,48.87,False,2026-09-01 00:10:47
160,80.24,True,2026-09-01 00:10:47
161,46.65,False,2026-09-01 00:10:47
162,55.45,False,2026-09-01 00:10:47
163,48.55,False,2026-09-01 00:10:47
164,55.12,False,2026-09-01 00:10:47
165,53.99,False,2026-09-01 00:10:48
166,53.76,False,2026-09-01 00:10:48
167,52.9,False,2026-09-01 00:10:48
168,56.31,False,2026-09-01 00:10:48
169,53.74,False,2026-09-01 00:10:48
170,44.16,False,2026-09-01 00:10:48
171,64.16,True,2026-09-01 00:10:48
172,42.82,False,2026-09-01 00:10:49
173,50.85,False,2026-09-01 00:10:49
174,53.79,False,2026-09-01 00:10:49
175,51.95,False,2026-09-01 00:10:49
176,48.54,False,2026-09-01 00:10:49
177,50.29,False,2026-09-01 00:10:49
178,88.5,True,2026-09-01 00:10:50
179,46.95,False,2026-09-01 00:10:50
180,98.02,True,2026-09-01 00:10:50
181,54.5,False,2026-09-01 00:10:50
182,43.59,False,2026-09-01 00:10:50
183,59.24,False,2026-09-01 00:10:50
184,58.21,False,2026-09-01 00:10:50
185,51.88,False,2026-09-01 00:10:51
186,53.83,False,2026-09-01 00:10:51
187,41.02,False,2026-09-01 00:10:51
188,52.75,False,2026-09-01 00:10:51
189,54.81,False,2026-09-01 00:10:51
190,45.71,False,2026-09-01 00:10:51
191,57.54,False,2026-09-01 00:10:51
192,44.38,False,2026-09-01 00:10:52
193,35.79,True,2026-09-01 00:10:52
194,52.09,False,2026-09-01 00:10:52
195,52.73,False,2026-09-01 00:10:52
196,44.78,False,2026-09-01 00:10:52
197,41.88,False,2026-09-01 00:10:52
198,53.88,False,2026-09-01 00:10:52
199,48.17,False,2026-09-01 00:10:53
0,52.35,False,2026-09-01 00:17:48
1,49.41,False,2026-09-01 00:17:48
2,57.97,False,2026-09-01 00:17:48
3,54.12,False,2026-09-01 00:17:48
4,44.16,False,2026-09-01 00:17:48
5,52.84,False,2026-09-01 00:17:48
6,58.58,False,2026-09-01 00:17:49
7,46.57,False,2026-09-01 00:17:49
8,51.44,False,2026-09-01 00:17:49
9,59.89,False,2026-09-01 00:17:49
10,50.83,False,2026-09-01 00:17:49
11,44.2,False,2026-09-01 00:17:49
12,46.0,False,2026-09-01 00:17:49
13,97.94,True,2026-09-01 00:17:50
14,56.2,False,2026-09-01 00:17:50
15,50.69,False,2026-09-01 00:17:50
16,52.13,False,2026-09-01 00:17:50
17,53.58,False,2026-09-01 00:17:50
18,45.78,False,2026-09-01 00:17:50
19,49.93,False,2026-09-01 00:17:50
20,44.18,False,2026-09-01 00:17:51
21,84.69,True,2026-09-01 00:17:51
22,94.99,True,2026-09-01 00:17:51
23,56.19,False,2026-09-01 00:17:51
24,48.47,False,2026-09-01 00:17:51
25,56.91,False,2026-09-01 00:17:51
26,52.44,False,2026-09-01 00:17:52
27,49.24,False,2026-09-01 00:17:52
28,53.55,False,2026-09-01 00:17:52
29,49.58,False,2026-09-01 00:17:52
30,50.35,False,2026-09-01 00:17:52
31,54.46,False,2026-09-01 00:17:52
32,89.16,True,2026-09-01 00:17:52
33,54.17,False,2026-09-01 00:17:53
34,47.05,False,2026-09-01 00:17:53
35,47.49,False,2026-09-01 00:17:53
36,56.41,False,2026-09-01 00:17:53
37,47.43,False,2026-09-01 00:17:53
38,54.44,False,2026-09-01 00:17:53
39,60.77,True,2026-09-01 00:17:53
40,56.45,False,2026-09-01 00:17:54
41,55.36,False,2026-09-01 00:17:54
42,46.46,False,2026-09-01 00:17:54
43,48.73,False,2026-09-01 00:17:54
44,40.36,True,2026-09-01 00:17:54
45,51.69,False,2026-09-01 00:17:54
46,43.0,False,2026-09-01 00:17:54
47,43.1,False,2026-09-01 00:17:55
48,43.02,False,2026-09-01 00:17:55
49,54.64,False,2026-09-01 00:17:55
50,57.99,False,2026-09-01 00:17:55
51,47.65,False,2026-09-01 00:17:55
52,47.41,False,2026-09-01 00:17:55
53,51.65,False,2026-09-01 00:17:55
54,38.58,True,2026-09-01 00:17:56
55,56.26,False,2026-09-01 00:17:56
56,50.78,False,2026-09-01 00:17:56
57,46.21,False,2026-09-01 00:17:56
58,45.06,False,2026-09-01 00:17:56
59,51.96,False,2026-09-01 00:17:56
60,45.57,False,2026-09-01 00:17:57
61,48.49,False,2026-09-01 00:17:57
62,51.0,False,2026-09-01 00:17:57
63,54.49,False,2026-09-01 00:17:57
64,47.78,False,2026-09-01 00:17:57
65,40.82,True,2026-09-01 00:17:57
66,51.34,False,2026-09-01 00:17:57
67,49.92,False,2026-09-01 00:17:58
68,48.94,False,2026-09-01 00:17:58
69,53.46,False,2026-09-01 00:17:58
70,40.85,True,2026-09-01 00:17:58
71,94.17,True,2026-09-01 00:17:58
72,46.83,False,2026-09-01 00:17:58
73,48.84,False,2026-09-01 00:17:58
74,59.4,False,2026-09-01 00:17:59
75,48.76,False,2026-09-01 00:17:59
76,53.68,False,2026-09-01 00:17:59
77,44.76,False,2026-09-01 00:17:59
78,46.18,False,2026-09-01 00:17:59
79,49.1,False,2026-09-01 00:17:59
80,46.38,False,2026-09-01 00:18:00
81,86.97,True,2026-09-01 00:18:00
82,46.64,False,2026-09-01 00:18:00
83,54.81,False,2026-09-01 00:18:00
84,83.56,True,2026-09-01 00:18:00
85,48.27,False,2026-09-01 00:18:00
86,47.07,False,2026-09-01 00:18:00
87,53.23,False,2026-09-01 00:18:01
88,53.54,False,2026-09-01 00:18:01
89,43.52,False,2026-09-01 00:18:01
90,40.12,True,2026-09-01 00:18:01
91,52.01,False,2026-09-01 00:18:01
92,89.71,True,2026-09-01 00:18:01
93,48.84,False,2026-09-01 00:18:01
94,49.98,False,2026-09-01 00:18:02
95,40.82,True,2026-09-01 00:18:02
96,45.0,False,2026-09-01 00:18:02
97,50.99,False,2026-09-01 00:18:02
98,48.13,False,2026-09-01 00:18:02
99,91.69,True,2026-09-01 00:18:02
100,54.1,False,2026-09-01 00:18:02
101,48.44,False,2026-09-01 00:18:03
102,53.98,False,2026-09-01 00:18:03
103,58.15,False,2026-09-01 00:18:03
104,54.49,False,2026-09-01 00:18:03
105,51.59,False,2026-09-01 00:18:03
106,57.72,False,2026-09-01 00:18:03
107,98.07,True,2026-09-01 00:18:03
108,56.91,False,2026-09-01 00:18:04
109,54.48,False,2026-09-01 00:18:04
110,52.47,False,2026-09-01 00:18:04
111,82.74,True,2026-09-01 00:18:04
112,48.35,False,2026-09-01 00:18:04
113,43.82,False,2026-09-01 00:18:04
114,38.38,True,2026-09-01 00:18:04
115,47.86,False,2026-09-01 00:18:05
116,53.72,False,2026-09-01 00:18:05
117,47.67,False,2026-09-01 00:18:05
118,54.86,False,2026-09-01 00:18:05
119,52.83,False,2026-09-01 00:18:05
120,45.21,False,2026-09-01 00:18:05
121,58.52,False,2026-09-01 00:18:05
122,56.0,False,2026-09-01 00:18:06
123,54.09,False,2026-09-01 00:18:06
124,54.29,False,2026-09-01 00:18:06
125,47.05,False,2026-09-01 00:18:06
126,98.66,True,2026-09-01 00:18:06
127,45.54,False,2026-09-01 00:18:06
128,54.92,False,2026-09-01 00:18:07
129,42.49,False,2026-09-01 00:18:07
130,63.75,True,2026-09-01 00:18:07
131,45.15,False,2026-09-01 00:18:07
132,50.94,False,2026-09-01 00:18:07
133,47.86,False,2026-09-01 00:18:07
134,51.29,False,2026-09-01 00:18:07
135,46.73,False,2026-09-01 00:18:08
136,40.1,True,2026-09-01 00:18:08
137,49.7,False,2026-09-01 00:18:08
138,96.58,True,2026-09-01 00:18:08
139,48.77,False,2026-09-01 00:18:08
140,41.78,False,2026-09-01 00:18:08
141,46.52,False,2026-09-01 00:18:08
142,47.27,False,2026-09-01 00:18:09
143,45.93,False,2026-09-01 00:18:09
144,47.6,False,2026-09-01 00:18:09
145,53.56,False,2026-09-01 00:18:09
146,47.62,False,2026-09-01 00:18:09
147,40.62,True,2026-09-01 00:18:09
148,54.81,False,2026-09-01 00:18:09
149,45.16,False,2026-09-01 00:18:10
150,51.79,False,2026-09-01 00:18:10
151,51.81,False,2026-09-01 00:18:10
152,48.06,False,2026-09-01 00:18:10
153,88.62,True,2026-09-01 00:18:10
154,53.01,False,2026-09-01 00:18:10
155,59.09,False,2026-09-01 00:18:10
156,49.7,False,2026-09-01 00:18:11
157,53.56,False,2026-09-01 00:18:11
158,49.91,False,2026-09-01 00:18:11
159,50.68,False,2026-09-01 00:18:11
160,56.02,False,2026-09-01 00:18:11
161,46.61,False,2026-09-01 00:18:11
162,46.45,False,2026-09-01 00:18:12
163,52.75,False,2026-09-01 00:18:12
164,55.25,False,2026-09-01 00:18:12
165,54.31,False,2026-09-01 00:18:12
166,49.7,False,2026-09-01 00:18:12
167,54.97,False,2026-09-01 00:18:12
168,50.1,False,2026-09-01 00:18:12
169,50.35,False,2026-09-01 00:18:13
170,44.14,False,2026-09-01 00:18:13
171,49.45,False,2026-09-01 00:18:13
172,47.56,False,2026-09-01 00:18:13
173,46.63,False,2026-09-01 00:18:13
174,54.74,False,2026-09-01 00:18:13
175,98.47,True,2026-09-01 00:18:13
176,53.21,False,2026-09-01 00:18:14
177,42.45,False,2026-09-01 00:18:14
178,57.18,False,2026-09-01 00:18:14
179,44.31,False,2026-09-01 00:18:14
180,58.97,False,2026-09-01 00:18:14
181,57.11,False,2026-09-01 00:18:14
182,49.78,False,2026-09-01 00:18:14
183,91.44,True,2026-09-01 00:18:15
184,47.76,False,2026-09-01 00:18:15
185,47.2,False,2026-09-01 00:18:15
186,41.82,False,2026-09-01 00:18:15
187,53.31,False,2026-09-01 00:18:15
188,50.3,False,2026-09-01 00:18:15
189,82.79,True,2026-09-01 00:18:16
190,47.51,False,2026-09-01 00:18:16
191,99.63,True,2026-09-01 00:18:16
192,44.27,False,2026-09-01 00:18:16
193,56.93,False,2026-09-01 00:18:16
194,47.28,False,2026-09-01 00:18:16
195,61.47,True,2026-09-01 00:18:16
196,48.66,False,2026-09-01 00:18:17
197,52.09,False,2026-09-01 00:18:17
198,52.98,False,2026-09-01 00:18:17
199,44.74,False,2026-09-01 00:18:17
0,50.63,False,2026-09-01 00:21:45
1,44.01,False,2026-09-01 00:21:45
2,50.97,False,2026-09-01 00:21:45
3,67.3,True,2026-09-01 00:21:46
4,57.68,False,2026-09-01 00:21:46
5,47.34,False,2026-09-01 00:21:46
6,91.88,True,2026-09-01 00:21:46
7,99.63,True,2026-09-01 00:21:46
8,46.53,False,2026-09-01 00:21:46
9,91.14,True,2026-09-01 00:21:46
10,61.23,True,2026-09-01 00:21:47
11,55.75,False,2026-09-01 00:21:47
12,49.23,False,2026-09-01 00:21:47
13,53.23,False,2026-09-01 00:21:47
14,52.17,False,2026-09-01 00:21:47
15,53.84,False,2026-09-01 00:21:47
16,51.16,False,2026-09-01 00:21:47
17,47.47,False,2026-09-01 00:21:48
18,59.26,False,2026-09-01 00:21:48
19,42.9,False,2026-09-01 00:21:48
20,46.35,False,2026-09-01 00:21:48
21,48.04,False,2026-09-01 00:21:48
22,44.84,False,2026-09-01 00:21:48
23,55.5,False,2026-09-01 00:21:48
24,58.41,False,2026-09-01 00:21:49
25,48.61,False,2026-09-01 00:21:49
26,50.83,False,2026-09-01 00:21:49
27,55.04,False,2026-09-01 00:21:49
28,54.19,False,2026-09-01 00:21:49
29,48.88,False,2026-09-01 00:21:49
30,45.35,False,2026-09-01 00:21:49
31,50.33,False,2026-09-01 00:21:50
32,48.66,False,2026-09-01 00:21:50
33,49.3,False,2026-09-01 00:21:50
34,52.29,False,2026-09-01 00:21:50
35,48.02,False,2026-09-01 00:21:50
36,54.51,False,2026-09-01 00:21:50
37,49.05,False,2026-09-01 00:21:51
38,41.62,False,2026-09-01 00:21:51
39,45.04,False,2026-09-01 00:21:51
40,55.71,False,2026-09-01 00:21:51
41,41.87,False,2026-09-01 00:21:51
42,84.35,True,2026-09-01 00:21:51
43,45.44,False,2026-09-01 00:21:51
44,45.11,False,2026-09-01 00:21:52
45,53.85,False,2026-09-01 00:21:52
46,56.55,False,2026-09-01 00:21:52
47,51.49,False,2026-09-01 00:21:52
48,56.83,False,2026-09-01 00:21:52
49,51.45,False,2026-09-01 00:21:52
50,49.02,False,2026-09-01 00:21:53
51,85.57,True,2026-09-01 00:21:53
52,53.15,False,2026-09-01 00:21:53
53,94.96,True,2026-09-01 00:21:53
54,46.38,False,2026-09-01 00:21:53
55,45.49,False,2026-09-01 00:21:53
56,46.65,False,2026-09-01 00:21:53
57,51.57,False,2026-09-01 00:21:54
58,50.35,False,2026-09-01 00:21:54
59,62.7,True,2026-09-01 00:21:54
60,47.71,False,2026-09-01 00:21:54
61,88.22,True,2026-09-01 00:21:54
62,56.16,False,2026-09-01 00:21:54
63,44.3,False,2026-09-01 00:21:54
64,44.52,False,2026-09-01 00:21:55
65,53.35,False,2026-09-01 00:21:55
66,51.45,False,2026-09-01 00:21:55
67,47.74,False,2026-09-01 00:21:55
68,48.81,False,2026-09-01 00:21:55
69,48.55,False,2026-09-01 00:21:55
70,86.88,True,2026-09-01 00:21:55
71,88.77,True,2026-09-01 00:21:56
72,44.94,False,2026-09-01 00:21:56
73,53.96,False,2026-09-01 00:21:56
74,82.63,True,2026-09-01 00:21:56
75,92.74,True,2026-09-01 00:21:56
76,60.18,True,2026-09-01 00:21:56
77,57.89,False,2026-09-01 00:21:56
78,45.16,False,2026-09-01 00:21:57
79,53.24,False,2026-09-01 00:21:57
80,37.83,True,2026-09-01 00:21:57
81,51.16,False,2026-09-01 00:21:57
82,57.84,False,2026-09-01 00:21:57
83,49.29,False,2026-09-01 00:21:57
84,39.08,True,2026-09-01 00:21:57
85,41.19,False,2026-09-01 00:21:58
86,49.78,False,2026-09-01 00:21:58
87,44.6,False,2026-09-01 00:21:58
88,46.84,False,2026-09-01 00:21:58
89,51.79,False,2026-09-01 00:21:58
90,51.68,False,2026-09-01 00:21:58
91,90.23,True,2026-09-01 00:21:59
92,50.43,False,2026-09-01 00:21:59
93,92.02,True,2026-09-01 00:21:59
94,52.16,False,2026-09-01 00:21:59
95,53.14,False,2026-09-01 00:21:59
96,49.01,False,2026-09-01 00:21:59
97,53.06,False,2026-09-01 00:21:59
98,46.79,False,2026-09-01 00:22:00
99,56.53,False,2026-09-01 00:22:00
100,51.44,False,2026-09-01 00:22:00
101,40.91,True,2026-09-01 00:22:00
102,45.38,False,2026-09-01 00:22:00
103,54.56,False,2026-09-01 00:22:00
104,50.39,False,2026-09-01 00:22:00
105,46.26,False,2026-09-01 00:22:01
106,44.28,False,2026-09-01 00:22:01
107,49.65,False,2026-09-01 00:22:01
108,49.18,False,2026-09-01 00:22:01
109,47.96,False,2026-09-01 00:22:01
110,46.03,False,2026-09-01 00:22:01
111,83.2,True,2026-09-01 00:22:01
112,91.0,True,2026-09-01 00:22:02
113,89.23,True,2026-09-01 00:22:02
114,44.82,False,2026-09-01 00:22:02
115,94.81,True,2026-09-01 00:22:02
116,58.5,False,2026-09-01 00:22:02
117,61.29,True,2026-09-01 00:22:02
118,84.19,True,2026-09-01 00:22:02
119,98.62,True,2026-09-01 00:22:03
120,44.63,False,2026-09-01 00:22:03
121,50.51,False,2026-09-01 00:22:03
122,52.77,False,2026-09-01 00:22:03
123,54.86,False,2026-09-01 00:22:03
124,54.25,False,2026-09-01 00:22:03
125,49.09,False,2026-09-01 00:22:03
126,56.26,False,2026-09-01 00:22:04
127,43.07,False,2026-09-01 00:22:04
128,50.91,False,2026-09-01 00:22:04
129,58.2,False,2026-09-01 00:22:04
130,40.48,True,2026-09-01 00:22:04
131,47.14,False,2026-09-01 00:22:05
132,47.4,False,2026-09-01 00:22:05
133,40.7,True,2026-09-01 00:22:05
134,50.34,False,2026-09-01 00:22:05
135,48.42,False,2026-09-01 00:22:05
136,42.62,False,2026-09-01 00:22:05
137,41.58,False,2026-09-01 00:22:05
138,43.88,False,2026-09-01 00:22:06
139,56.57,False,2026-09-01 00:22:06
140,53.38,False,2026-09-01 00:22:06
141,43.25,False,2026-09-01 00:22:06
142,51.01,False,2026-09-01 00:22:06
143,53.87,False,2026-09-01 00:22:06
144,44.13,False,2026-09-01 00:22:07
145,52.72,False,2026-09-01 00:22:07
146,54.23,False,2026-09-01 00:22:07
147,55.26,False,2026-09-01 00:22:07
148,47.28,False,2026-09-01 00:22:07
149,45.7,False,2026-09-01 00:22:07
150,51.23,False,2026-09-01 00:22:08
151,54.75,False,2026-09-01 00:22:08
152,52.11,False,2026-09-01 00:22:08
153,55.88,False,2026-09-01 00:22:08
154,56.12,False,2026-09-01 00:22:08
155,41.21,False,2026-09-01 00:22:08
156,52.92,False,2026-09-01 00:22:09
157,50.42,False,2026-09-01 00:22:09
158,46.37,False,2026-09-01 00:22:09
159,55.6,False,2026-09-01 00:22:09
160,45.37,False,2026-09-01 00:22:09
161,51.85,False,2026-09-01 00:22:09
162,57.14,False,2026-09-01 00:22:09
163,49.21,False,2026-09-01 00:22:10
164,51.95,False,2026-09-01 00:22:10
165,46.47,False,2026-09-01 00:22:10
166,47.53,False,2026-09-01 00:22:10
167,85.32,True,2026-09-01 00:22:10
168,49.39,False,2026-09-01 00:22:10
169,52.17,False,2026-09-01 00:22:10
170,84.53,True,2026-09-01 00:22:11
171,44.44,False,2026-09-01 00:22:11
172,51.82,False,2026-09-01 00:22:11
173,51.73,False,2026-09-01 00:22:11
174,53.21,False,2026-09-01 00:22:11
175,54.94,False,2026-09-01 00:22:11
176,41.19,False,2026-09-01 00:22:11
177,51.92,False,2026-09-01 00:22:12
178,48.25,False,2026-09-01 00:22:12
179,58.31,False,2026-09-01 00:22:12
180,51.88,False,2026-09-01 00:22:12
181,39.19,True,2026-09-01 00:22:12
182,37.55,True,2026-09-01 00:22:12
183,50.42,False,2026-09-01 00:22:12
184,47.81,False,2026-09-01 00:22:13
185,60.98,True,2026-09-01 00:22:13
186,54.55,False,2026-09-01 00:22:13
187,38.65,True,2026-09-01 00:22:13
188,57.85,False,2026-09-01 00:22:13
189,42.15,False,2026-09-01 00:22:13
190,84.09,True,2026-09-01 00:22:14
191,48.6,False,2026-09-01 00:22:14
192,57.37,False,2026-09-01 00:22:14
193,52.8,False,2026-09-01 00:22:14
194,44.42,False,2026-09-01 00:22:14
195,93.01,True,2026-09-01 00:22:14
196,53.13,False,2026-09-01 00:22:14
197,52.17,False,2026-09-01 00:22:15
198,51.62,False,2026-09-01 00:22:15
199,48.59,False,2026-09-01 00:22:15
0,47.97,False,2026-09-01 00:28:25
1,50.62,False,2026-09-01 00:28:25
2,44.31,False,2026-09-01 00:28:26
3,56.85,False,2026-09-01 00:28:26
4,45.72,False,2026-09-01 00:28:26
5,47.59,False,2026-09-01 00:28:26
6,40.61,True,2026-09-01 00:28:26
7,47.37,False,2026-09-01 00:28:26
8,48.78,False,2026-09-01 00:28:26
9,56.73,False,2026-09-01 00:28:27
10,88.69,True,2026-09-01 00:28:27
11,49.26,False,2026-09-01 00:28:27
12,49.43,False,2026-09-01 00:28:27
13,42.16,False,2026-09-01 00:28:27
14,54.97,False,2026-09-01 00:28:27
15,47.66,False,2026-09-01 00:28:27
16,53.35,False,2026-09-01 00:28:28
17,53.81,False,2026-09-01 00:28:28
18,50.48,False,2026-09-01 00:28:28
19,40.42,True,2026-09-01 00:28:28
20,88.59,True,2026-09-01 00:28:28
21,47.57,False,2026-09-01 00:28:28
22,47.47,False,2026-09-01 00:28:28
23,44.25,False,2026-09-01 00:28:29
24,56.03,False,2026-09-01 00:28:29
25,49.52,False,2026-09-01 00:28:29
26,48.61,False,2026-09-01 00:28:29
27,53.66,False,2026-09-01 00:28:29
28,93.47,True,2026-09-01 00:28:29
29,39.67,True,2026-09-01 00:28:30
30,50.03,False,2026-09-01 00:28:30
31,41.2,False,2026-09-01 00:28:30
32,54.32,False,2026-09-01 00:28:30
33,45.41,False,2026-09-01 00:28:30
34,47.1,False,2026-09-01 00:28:30
35,81.27,True,2026-09-01 00:28:30
36,56.44,False,2026-09-01 00:28:31
37,50.47,False,2026-09-01 00:28:31
38,52.01,False,2026-09-01 00:28:31
39,55.33,False,2026-09-01 00:28:31
40,44.64,False,2026-09-01 00:28:31
41,50.0,False,2026-09-01 00:28:31
42,45.35,False,2026-09-01 00:28:31
43,49.34,False,2026-09-01 00:28:32
44,42.51,False,2026-09-01 00:28:32
45,42.36,False,2026-09-01 00:28:32
46,89.53,True,2026-09-01 00:28:32
47,44.56,False,2026-09-01 00:28:32
48,93.0,True,2026-09-01 00:28:32
49,47.76,False,2026-09-01 00:28:33
50,51.13,False,2026-09-01 00:28:33
51,46.35,False,2026-09-01 00:28:33
52,53.86,False,2026-09-01 00:28:33
53,52.36,False,2026-09-01 00:28:33
54,50.64,False,2026-09-01 00:28:33
55,43.46,False,2026-09-01 00:28:33
56,53.64,False,2026-09-01 00:28:34
57,55.27,False,2026-09-01 00:28:34
58,57.97,False,2026-09-01 00:28:34
59,50.43,False,2026-09-01 00:28:34
60,47.41,False,2026-09-01 00:28:34
61,65.89,True,2026-09-01 00:28:34
62,52.31,False,2026-09-01 00:28:34
63,55.75,False,2026-09-01 00:28:35
64,39.56,True,2026-09-01 00:28:35
65,47.93,False,2026-09-01 00:28:35
66,54.68,False,2026-09-01 00:28:35
67,52.41,False,2026-09-01 00:28:35
68,46.57,False,2026-09-01 00:28:35
69,42.02,False,2026-09-01 00:28:35
70,54.23,False,2026-09-01 00:28:36
71,49.56,False,2026-09-01 00:28:36
72,50.53,False,2026-09-01 00:28:36
73,47.88,False,2026-09-01 00:28:36
74,52.15,False,2026-09-01 00:28:36
75,88.06,True,2026-09-01 00:28:36
76,52.47,False,2026-09-01 00:28:36
77,42.63,False,2026-09-01 00:28:37
78,93.37,True,2026-09-01 00:28:37
79,46.82,False,2026-09-01 00:28:37
80,49.04,False,2026-09-01 00:28:37
81,55.33,False,2026-09-01 00:28:37
82,45.48,False,2026-09-01 00:28:37
83,54.48,False,2026-09-01 00:28:38
84,47.17,False,2026-09-01 00:28:38
85,50.82,False,2026-09-01 00:28:38
86,42.29,False,2026-09-01 00:28:38
87,48.02,False,2026-09-01 00:28:38
88,95.36,True,2026-09-01 00:28:39
89,45.1,False,2026-09-01 00:28:39
90,42.57,False,2026-09-01 00:28:39
91,54.64,False,2026-09-01 00:28:39
92,45.82,False,2026-09-01 00:28:39
93,80.88,True,2026-09-01 00:28:39
94,53.12,False,2026-09-01 00:28:40
95,48.64,False,2026-09-01 00:28:40
96,52.76,False,2026-09-01 00:28:40
97,41.66,False,2026-09-01 00:28:40
98,45.66,False,2026-09-01 00:28:40
99,44.73,False,2026-09-01 00:28:40
100,42.77,False,2026-09-01 00:28:40
101,48.69,False,2026-09-01 00:28:41
102,48.42,False,2026-09-01 00:28:41
103,87.41,True,2026-09-01 00:28:41
104,50.55,False,2026-09-01 00:28:41
105,51.7,False,2026-09-01 00:28:41
106,89.97,True,2026-09-01 00:28:41
107,42.79,False,2026-09-01 00:28:41
108,51.03,False,2026-09-01 00:28:41
109,46.75,False,2026-09-01 00:28:42
110,48.87,False,2026-09-01 00:28:42
111,58.4,False,2026-09-01 00:28:42
112,55.97,False,2026-09-01 00:28:42
113,51.25,False,2026-09-01 00:28:42
114,53.13,False,2026-09-01 00:28:42
115,53.76,False,2026-09-01 00:28:43
116,48.59,False,2026-09-01 00:28:43
117,55.43,False,2026-09-01 00:28:43
118,55.25,False,2026-09-01 00:28:43
119,45.92,False,2026-09-01 00:28:43
120,84.65,True,2026-09-01 00:28:43
121,51.7,False,2026-09-01 00:28:43
122,48.94,False,2026-09-01 00:28:44
123,48.35,False,2026-09-01 00:28:44
124,85.83,True,2026-09-01 00:28:44
125,59.04,False,2026-09-01 00:28:44
126,56.37,False,2026-09-01 00:28:44
127,80.85,True,2026-09-01 00:28:44
128,53.04,False,2026-09-01 00:28:44
129,54.63,False,2026-09-01 00:28:45
130,44.6,False,2026-09-01 00:28:45
131,98.95,True,2026-09-01 00:28:45
132,51.69,False,2026-09-01 00:28:45
133,58.57,False,2026-09-01 00:28:45
134,46.76,False,2026-09-01 00:28:45
135,56.21,False,2026-09-01 00:28:45
136,92.15,True,2026-09-01 00:28:46
137,44.33,False,2026-09-01 00:28:46
138,46.99,False,2026-09-01 00:28:46
139,52.2,False,2026-09-01 00:28:46
140,59.87,False,2026-09-01 00:28:46
141,52.91,False,2026-09-01 00:28:46
142,51.59,False,2026-09-01 00:28:46
143,44.52,False,2026-09-01 00:28:47
144,54.41,False,2026-09-01 00:28:47
145,55.17,False,2026-09-01 00:28:47
146,52.6,False,2026-09-01 00:28:47
147,48.0,False,2026-09-01 00:28:47
148,49.92,False,2026-09-01 00:28:47
149,48.35,False,2026-09-01 00:28:47
150,47.79,False,2026-09-01 00:28:48
151,49.26,False,2026-09-01 00:28:48
152,49.5,False,2026-09-01 00:28:48
153,53.19,False,2026-09-01 00:28:48
154,45.49,False,2026-09-01 00:28:48
155,54.66,False,2026-09-01 00:28:48
156,82.17,True,2026-09-01 00:28:48
157,44.22,False,2026-09-01 00:28:49
158,42.77,False,2026-09-01 00:28:49
159,54.79,False,2026-09-01 00:28:49
160,54.6,False,2026-09-01 00:28:49
161,47.92,False,2026-09-01 00:28:49
162,48.84,False,2026-09-01 00:28:49
163,50.2,False,2026-09-01 00:28:49
164,49.29,False,2026-09-01 00:28:50
165,55.21,False,2026-09-01 00:28:50
166,49.72,False,2026-09-01 00:28:50
167,61.47,True,2026-09-01 00:28:50
168,51.36,False,2026-09-01 00:28:50
169,53.49,False,2026-09-01 00:28:50
170,51.1,False,2026-09-01 00:28:50
171,48.55,False,2026-09-01 00:28:51
172,53.84,False,2026-09-01 00:28:51
173,55.46,False,2026-09-01 00:28:51
174,91.39,True,2026-09-01 00:28:51
175,48.08,False,2026-09-01 00:28:51
176,53.36,False,2026-09-01 00:28:51
177,52.81,False,2026-09-01 00:28:51
178,55.69,False,2026-09-01 00:28:52
179,51.84,False,2026-09-01 00:28:52
180,45.94,False,2026-09-01 00:28:52
181,53.12,False,2026-09-01 00:28:52
182,60.74,True,2026-09-01 00:28:52
183,42.95,False,2026-09-01 00:28:52
184,46.58,False,2026-09-01 00:28:52
185,55.56,False,2026-09-01 00:28:53
186,45.27,False,2026-09-01 00:28:53
187,47.45,False,2026-09-01 00:28:53
188,42.89,False,2026-09-01 00:28:53
189,50.67,False,2026-09-01 00:28:53
190,45.49,False,2026-09-01 00:28:53
191,89.64,True,2026-09-01 00:28:53
192,53.04,False,2026-09-01 00:28:54
193,47.34,False,2026-09-01 00:28:54
194,52.88,False,2026-09-01 00:28:54
195,52.14,False,2026-09-01 00:28:54
196,45.53,False,2026-09-01 00:28:54
197,44.56,False,2026-09-01 00:28:54
198,53.13,False,2026-09-01 00:28:54
199,34.53,True,2026-09-01 00:28:55
0,53.98,False,2026-09-01 00:31:43
1,84.82,True,2026-09-01 00:31:43
2,54.32,False,2026-09-01 00:31:43
3,60.26,True,2026-09-01 00:31:43
4,96.25,True,2026-09-01 00:31:43
5,54.74,False,2026-09-01 00:31:44
6,42.96,False,2026-09-01 00:31:44
7,54.92,False,2026-09-01 00:31:44
8,55.38,False,2026-09-01 00:31:44
9,89.01,True,2026-09-01 00:31:44
10,47.78,False,2026-09-01 00:31:44
11,55.81,False,2026-09-01 00:31:44
12,40.22,True,2026-09-01 00:31:45
13,81.34,True,2026-09-01 00:31:45
14,47.54,False,2026-09-01 00:31:45
15,47.57,False,2026-09-01 00:31:45
16,43.69,False,2026-09-01 00:31:45
17,54.53,False,2026-09-01 00:31:45
18,54.76,False,2026-09-01 00:31:45
19,43.15,False,2026-09-01 00:31:46
20,61.25,True,2026-09-01 00:31:46
21,48.48,False,2026-09-01 00:31:46
22,54.93,False,2026-09-01 00:31:46
23,59.17,False,2026-09-01 00:31:46
24,43.05,False,2026-09-01 00:31:46
25,50.7,False,2026-09-01 00:31:46
26,51.36,False,2026-09-01 00:31:47
27,53.39,False,2026-09-01 00:31:47
28,42.15,False,2026-09-01 00:31:47
29,46.64,False,2026-09-01 00:31:47
30,97.69,True,2026-09-01 00:31:47
31,56.02,False,2026-09-01 00:31:47
32,50.78,False,2026-09-01 00:31:48
33,46.5,False,2026-09-01 00:31:48
34,54.73,False,2026-09-01 00:31:48
35,51.68,False,2026-09-01 00:31:48
36,96.08,True,2026-09-01 00:31:48
37,86.27,True,2026-09-01 00:31:48
38,46.42,False,2026-09-01 00:31:49
39,46.81,False,2026-09-01 00:31:49
40,55.66,False,2026-09-01 00:31:49
41,45.21,False,2026-09-01 00:31:49
42,46.89,False,2026-09-01 00:31:49
43,85.79,True,2026-09-01 00:31:49
44,55.73,False,2026-09-01 00:31:49
45,43.21,False,2026-09-01 00:31:50
46,43.11,False,2026-09-01 00:31:50
47,52.16,False,2026-09-01 00:31:50
48,49.48,False,2026-09-01 00:31:50
49,89.72,True,2026-09-01 00:31:50
50,50.28,False,2026-09-01 00:31:50
51,51.35,False,2026-09-01 00:31:50
52,59.52,False,2026-09-01 00:31:51
53,55.36,False,2026-09-01 00:31:51
54,52.15,False,2026-09-01 00:31:51
55,48.12,False,2026-09-01 00:31:51
56,99.26,True,2026-09-01 00:31:51
57,58.18,False,2026-09-01 00:31:51
58,49.08,False,2026-09-01 00:31:52
59,46.23,False,2026-09-01 00:31:52
60,49.3,False,2026-09-01 00:31:52
61,48.05,False,2026-09-01 00:31:52
62,46.41,False,2026-09-01 00:31:52
63,42.78,False,2026-09-01 00:31:52
64,50.12,False,2026-09-01 00:31:52
65,46.12,False,2026-09-01 00:31:53
66,53.68,False,2026-09-01 00:31:53
67,53.95,False,2026-09-01 00:31:53
68,51.9,False,2026-09-01 00:31:53
69,95.92,True,2026-09-01 00:31:53
70,47.01,False,2026-09-01 00:31:53
71,53.64,False,2026-09-01 00:31:53
72,55.66,False,2026-09-01 00:31:54
73,60.82,True,2026-09-01 00:31:54
74,41.39,False,2026-09-01 00:31:54
75,50.85,False,2026-09-01 00:31:54
76,55.08,False,2026-09-01 00:31:54
77,58.43,False,2026-09-01 00:31:54
78,47.04,False,2026-09-01 00:31:54
79,40.1,True,2026-09-01 00:31:55
80,48.07,False,2026-09-01 00:31:55
81,94.92,True,2026-09-01 00:31:55
82,47.73,False,2026-09-01 00:31:55
83,84.72,True,2026-09-01 00:31:55
84,48.95,False,2026-09-01 00:31:55
85,48.63,False,2026-09-01 00:31:55
86,48.22,False,2026-09-01 00:31:56
87,47.9,False,2026-09-01 00:31:56
88,47.45,False,2026-09-01 00:31:56
89,52.41,False,2026-09-01 00:31:56
90,48.93,False,2026-09-01 00:31:56
91,54.48,False,2026-09-01 00:31:56
92,44.33,False,2026-09-01 00:31:57
93,54.82,False,2026-09-01 00:31:57
94,43.15,False,2026-09-01 00:31:57
95,56.08,False,2026-09-01 00:31:57
96,49.51,False,2026-09-01 00:31:57
97,57.17,False,2026-09-01 00:31:57
98,54.66,False,2026-09-01 00:31:57
99,99.54,True,2026-09-01 00:31:58
100,50.39,False,2026-09-01 00:31:58
101,45.13,False,2026-09-01 00:31:58
102,55.07,False,2026-09-01 00:31:58
103,45.88,False,2026-09-01 00:31:58
104,54.36,False,2026-09-01 00:31:58
105,55.9,False,2026-09-01 00:31:58
106,57.67,False,2026-09-01 00:31:59
107,60.64,True,2026-09-01 00:31:59
108,45.98,False,2026-09-01 00:31:59
109,43.33,False,2026-09-01 00:31:59
110,49.2,False,2026-09-01 00:31:59
111,54.59,False,2026-09-01 00:31:59
112,50.22,False,2026-09-01 00:32:00
113,55.05,False,2026-09-01 00:32:00
114,47.77,False,2026-09-01 00:32:00
115,49.28,False,2026-09-01 00:32:00
116,41.26,False,2026-09-01 00:32:00
117,48.99,False,2026-09-01 00:32:00
118,50.42,False,2026-09-01 00:32:01
119,46.86,False,2026-09-01 00:32:01
120,43.93,False,2026-09-01 00:32:01
121,49.0,False,2026-09-01 00:32:01
122,52.83,False,2026-09-01 00:32:01
123,46.19,False,2026-09-01 00:32:01
124,52.09,False,2026-09-01 00:32:02
125,51.58,False,2026-09-01 00:32:02
126,54.28,False,2026-09-01 00:32:02
127,55.81,False,2026-09-01 00:32:02
128,57.86,False,2026-09-01 00:32:02
129,47.84,False,2026-09-01 00:32:02
130,54.4,False,2026-09-01 00:32:02
131,44.14,False,2026-09-01 00:32:03
132,45.73,False,2026-09-01 00:32:03
133,57.42,False,2026-09-01 00:32:03
134,52.7,False,2026-09-01 00:32:03
135,41.39,False,2026-09-01 00:32:03
136,52.04,False,2026-09-01 00:32:03
137,47.56,False,2026-09-01 00:32:03
138,56.44,False,2026-09-01 00:32:04
139,41.68,False,2026-09-01 00:32:04
140,97.27,True,2026-09-01 00:32:04
141,86.84,True,2026-09-01 00:32:04
142,51.02,False,2026-09-01 00:32:04
143,47.72,False,2026-09-01 00:32:04
144,41.56,False,2026-09-01 00:32:04
145,49.99,False,2026-09-01 00:32:05
146,59.36,False,2026-09-01 00:32:05
147,53.31,False,2026-09-01 00:32:05
148,50.83,False,2026-09-01 00:32:05
149,52.87,False,2026-09-01 00:32:05
150,50.49,False,2026-09-01 00:32:05
151,57.08,False,2026-09-01 00:32:05
152,89.12,True,2026-09-01 00:32:06
153,52.95,False,2026-09-01 00:32:06
154,49.76,False,2026-09-01 00:32:06
155,50.77,False,2026-09-01 00:32:06
156,53.38,False,2026-09-01 00:32:06
157,44.32,False,2026-09-01 00:32:06
158,53.05,False,2026-09-01 00:32:06
159,82.7,True,2026-09-01 00:32:07
160,45.69,False,2026-09-01 00:32:07
161,56.42,False,2026-09-01 00:32:07
162,54.08,False,2026-09-01 00:32:07
163,53.43,False,2026-09-01 00:32:07
164,54.13,False,2026-09-01 00:32:07
165,43.7,False,2026-09-01 00:32:07
166,85.26,True,2026-09-01 00:32:08
167,49.98,False,2026-09-01 00:32:08
168,44.95,False,2026-09-01 00:32:08
169,42.1,False,2026-09-01 00:32:08
170,42.94,False,2026-09-01 00:32:08
171,63.48,True,2026-09-01 00:32:08
172,47.94,False,2026-09-01 00:32:08
173,52.82,False,2026-09-01 00:32:09
174,48.26,False,2026-09-01 00:32:09
175,47.79,False,2026-09-01 00:32:09
176,42.88,False,2026-09-01 00:32:09
177,54.63,False,2026-09-01 00:32:09
178,53.71,False,2026-09-01 00:32:09
179,52.76,False,2026-09-01 00:32:10
180,52.05,False,2026-09-01 00:32:10
181,55.43,False,2026-09-01 00:32:10
182,54.35,False,2026-09-01 00:32:10
183,45.37,False,2026-09-01 00:32:10
184,46.61,False,2026-09-01 00:32:10
185,55.6,False,2026-09-01 00:32:10
186,48.91,False,2026-09-01 00:32:10
187,51.26,False,2026-09-01 00:32:11
188,43.8,False,2026-09-01 00:32:11
189,55.17,False,2026-09-01 00:32:11
190,47.45,False,2026-09-01 00:32:11
191,59.0,False,2026-09-01 00:32:11
192,52.89,False,2026-09-01 00:32:11
193,49.86,False,2026-09-01 00:32:11
194,55.78,False,2026-09-01 00:32:12
195,81.59,True,2026-09-01 00:32:12
196,92.64,True,2026-09-01 00:32:12
197,50.59,False,2026-09-01 00:32:12
198,49.14,False,2026-09-01 00:32:12
199,48.44,False,2026-09-01 00:32:12
-1.1944489207351565,-0.2448944035347831,True,2026-09-01 00:39:20
2.240468509939381,0.30428659145912246,True,2026-09-01 00:39:21
-0.8113518221948702,-1.1818093140818369,True,2026-09-01 00:39:22
-0.03379499105775735,0.6016136476033613,True,2026-09-01 00:39:23
1.4335212244934092,0.5229889650649829,True,2026-09-01 00:39:24
0.5186338682042946,-0.9329306272266513,True,2026-09-01 00:39:25
-0.895068021434878,0.3851861538476094,True,2026-09-01 00:39:26
1.2402521507935893,-1.6123240963659355,True,2026-09-01 00:39:27
-0.19740445284860955,0.18251094436901572,True,2026-09-01 00:39:28
0.9111693965628471,0.3013491023682405,True,2026-09-01 00:39:29
0.19778020797300327,-1.0979830984720893,True,2026-09-01 00:39:30
-0.5051769227423178,-0.41124138147921324,True,2026-09-01 00:39:31
-0.3380443547225496,-1.1284355870420475,True,2026-09-01 00:39:32
-0.46490765213727037,0.7016807352906252,True,2026-09-01 00:39:33
0.39722909434139553,0.14839528741201843,True,2026-09-01 00:39:34
-0.46289670701922386,-1.890890221424173,True,2026-09-01 00:39:35
-0.8508062780540572,-0.7922353021164787,True,2026-09-01 00:39:36
2.1001346887416816,0.19567306358481215,True,2026-09-01 00:39:37
-0.4231907735629033,-0.3778299053387672,True,2026-09-01 00:39:39
1.604471910283641,0.3891245217748188,True,2026-09-01 00:39:40
0.19388542494251343,0.4564837392688698,True,2026-09-01 00:39:41
0.4041008071142344,0.5463889192580557,True,2026-09-01 00:39:42
0.23521044842169908,0.7006407154210299,True,2026-09-01 00:39:43
-0.7825557971597004,-0.6147864533572315,True,2026-09-01 00:39:44
-1.847425150359481,0.6158072431467126,True,2026-09-01 00:39:45
1.403903034039631,-0.7034320847021722,True,2026-09-01 00:39:46
-0.8033959640240834,-0.3361250086030282,True,2026-09-01 00:39:47
-0.01498010050187578,-1.2384814939019402,True,2026-09-01 00:39:48
0.9617646385658724,2.4059431269446576,True,2026-09-01 00:39:49
0.5758986522326789,0.04517372757389061,True,2026-09-01 00:39:50
-0.3701640674580547,0.33651159681175197,True,2026-09-01 00:39:51
-0.7519836018354294,-0.06516693576010008,True,2026-09-01 00:39:52
-1.005609608243708,-0.946247787973885,True,2026-09-01 00:39:53
-0.9294394680877982,0.3396425602064728,True,2026-09-01 00:39:54
0.5091371817401913,1.1525757663106106,True,2026-09-01 00:39:55
-0.7541976936116254,0.5455595844783447,True,2026-09-01 00:39:56
-1.2354984022505018,1.5844914554775709,True,2026-09-01 00:39:57
0.1270779779225069,0.04656829717264483,True,2026-09-01 00:39:58
0.0537290543267739,-0.13311754829834713,True,2026-09-01 00:39:59
-0.9313264873898582,1.5232434572883868,True,2026-09-01 11:34:35
0.580182839305456,-1.5460985327002545,True,2026-09-01 11:34:36
-0.4566318108454262,-1.147507896643014,True,2026-09-01 11:34:37
0.8113622827115982,-0.7093125034784613,True,2026-09-01 11:34:38
0.5428386939299689,-1.300672054355984,True,2026-09-01 11:34:39
-0.8779286833385197,-0.6499988187299875,True,2026-09-01 11:34:40
-1.0227857146197337,0.46687526562230747,True,2026-09-01 11:34:41
0.375275182754933,0.33830200683615586,True,2026-09-01 11:34:42
0.09890374273951251,-0.6285094418794714,True,2026-09-01 11:34:43
2.1910644354557776,-0.4069446012059026,True,2026-09-01 11:34:44
-0.12141428889844956,-0.9380720829807597,True,2026-09-01 11:34:45
0.25023355252825435,-0.03088094685717915,True,2026-09-01 11:34:46
0.29173186279160246,-0.4296447378701005,True,2026-09-01 11:34:48
0.09921796867189539,0.776619849676978,True,2026-09-01 11:34:49
-0.1893255762828104,-0.9426667767675848,True,2026-09-01 11:34:50
-1.0656235483639038,0.526919114554974,True,2026-09-01 11:34:51
-0.8109685102288997,0.19441516196995823,True,2026-09-01 11:34:52
0.35626389241555945,2.6270746325617353,True,2026-09-01 11:34:53
1.035614765585427,-1.225937934567586,True,2026-09-01 11:34:54
-0.5251414855089008,-0.5444704370865391,True,2026-09-01 11:34:55
-1.378551530420725,-0.264867340201169,True,2026-09-01 11:34:56
-1.2535572980614056,-0.44990313656730885,True,2026-09-01 11:34:57
0.096270474165678,0.6688513218303346,True,2026-09-01 11:34:58
0.5702754130036433,-0.151897999642611,True,2026-09-01 11:34:59
-1.0480876147795828,-0.013424712394896062,True,2026-09-01 11:35:00
0.34762600949435146,0.6153775913879772,True,2026-09-01 11:35:01
0.3292165225528822,0.5886435056544445,True,2026-09-01 11:35:03
0.658984221171211,0.2393103352094945,True,2026-09-01 11:35:04
-0.10418096117757782,-0.35369738739575457,True,2026-09-01 11:35:05
0.03426012259803354,0.06372344992005251,True,2026-09-01 11:35:06
-0.729098767355134,2.170072683917547,True,2026-09-01 11:35:07
-1.0458303353755627,0.03399909666690636,True,2026-09-01 11:35:08
1.439177205771093,-1.8884389823144048,True,2026-09-01 11:35:09
0.3317259252168046,-0.3868081809675082,True,2026-09-01 11:35:10
-0.15929286869325152,0.3928095788597058,True,2026-09-01 11:35:11
0.11903073265609708,1.2060354794067776,True,2026-09-01 11:35:12
0.38176872571857234,0.9021605694031618,True,2026-09-01 11:35:13
-0.33544893640336926,0.7498617934822248,True,2026-09-01 11:35:14
-0.6716947440707227,0.7156007425826141,True,2026-09-01 11:43:36
-0.9429038496625971,0.9039533625244671,True,2026-09-01 11:43:37
0.055337957332254294,-0.4748115877791613,True,2026-09-01 11:43:38
-0.943499608945624,-0.6135574241527421,True,2026-09-01 11:43:39
0.07218720360434357,0.18267614533767854,True,2026-09-01 11:43:40
0.37421133836547343,0.19275602614522339,True,2026-09-01 11:43:41
-0.6579684601343027,0.07089648535891209,True,2026-09-01 11:43:42
-0.83492536631484,0.4242995345560807,True,2026-09-01 11:43:43
0.4344155571486668,0.19623125991698054,True,2026-09-01 11:43:44
-1.271313218508405,-0.6892259283185732,True,2026-09-01 11:43:45
1.0582771737425012,0.16308845009371992,True,2026-09-01 11:43:47
-0.9269378527149081,-0.7008388736234095,True,2026-09-01 11:43:48
1.883971967365884,-0.14441199688783105,True,2026-09-01 11:43:49
-1.0149038438383886,-2.1616943819163805,True,2026-09-01 11:43:50
-1.4803672160916397,0.4820691799055935,True,2026-09-01 11:43:51
-0.4995712636198914,-1.2414915297454643,True,2026-09-01 11:43:52
-0.5742960787664884,-0.14755575330308748,True,2026-09-01 11:43:53
0.030468013021776635,-0.3250983185349178,True,2026-09-01 11:43:54
-2.2659009750958474,-1.4044034041453297,True,2026-09-01 11:43:55
0.47859532013736344,-0.7461197607850701,True,2026-09-01 11:43:56
1.6692108718162537,0.6981095460597141,True,2026-09-01 11:43:57
0.9916706599682757,0.5039855914704346,True,2026-09-01 11:43:58
-1.2229777001810238,-1.2191487717458427,True,2026-09-01 11:43:59
1.470614701038188,0.7506419339366649,True,2026-09-01 11:44:00
-1.2149871181570977,0.4070858367730841,True,2026-09-01 11:44:01
0.8999463485081464,0.20371332589941366,True,2026-09-01 11:44:02
1.4368567834707426,-0.3002864759215743,True,2026-09-01 11:44:03
-0.34802755583690226,-0.8449358819325642,True,2026-09-01 11:44:04
0.25632059237219046,-0.9562837514124934,True,2026-09-01 11:44:06
1.4768483095777567,-1.0641472766014486,True,2026-09-01 11:44:07
-0.7353274541824386,0.2766513893915959,True,2026-09-01 11:44:08
1.3780014603707964,-0.4414032169659392,True,2026-09-01 11:44:09
1.5559282583830023,0.6547999766150251,True,2026-09-01 11:44:10
0.6557808710471715,1.5984975863233375,True,2026-09-01 11:44:11
-0.4220467266753898,-1.0259108195121118,True,2026-09-01 11:44:12
-0.642919148022959,-0.7861081484325455,True,2026-09-01 11:44:13
0.9804147283084463,-1.3099139662343517,True,2026-09-01 11:44:14
0.806298268878596,0.5448091313601835,True,2026-09-01 11:44:15
0.8788785712332623,-0.4771827191149593,True,2026-09-01 11:44:16
